{
	"menu_simple_compass_title": "Simple Compass",

	"menu_simple_compass_offset_y" : "HUD Y Offset",
	"menu_simple_compass_teammate_visible" : "Teammate Indicators Visibility",
	"menu_simple_compass_team_indicator_width" : "Teammate Indicator Width",
	"menu_simple_compass_reset" : "Default options",
	"menu_simple_compass_reset_confirm" : "Are you sure, you want to reset all SimpleCompass options to their default value?",
	"menu_simple_compass_numbers_visible" : "Numerical Indicator Visibility",
	"menu_simple_compass_letters_visible" : "Main direction Indicator Visibility",
	"menu_simple_compass_letters_secondary_visible" : "Secondary direction Indicator Visibility",
	"menu_simple_compass_teammate_visible_desc" : "Show dots for teammates on the compass",
	"menu_simple_compass_numbers_visible_desc" : "Show numerical indicators on the compass",
	"menu_simple_compass_letters_visible_desc" : "Show main directional indicators on the compass, eg. N, E, S, W (REQUIRES RESTART OF CURRENT LEVEL TO APPLY!)",
	"menu_simple_compass_letters_secondary_visible_desc" : "Show secondary directional indicators on the compass, eg. NE, SE, SW, NW (REQUIRES RESTART OF CURRENT LEVEL TO APPLY!)",
	"menu_simple_compass_offset_y_desc" : "Compass offset in the Y-Axis (up/down)",
	"menu_simple_compass_team_indicator_width_desc" : "Width of teammate indicators (REQUIRES RESTART OF CURRENT LEVEL TO APPLY!)",
	"menu_simple_compass_color_white" : "White",
	"menu_simple_compass_color_light_yellow" : "Light Yellow",
	"menu_simple_compass_color_light_orange" : "Light Orange",
	"menu_simple_compass_color_light_red" : "Light Red",
	"menu_simple_compass_color_light_purple" : "Light Purple",
	"menu_simple_compass_color_light_green" : "Light Green",
	"menu_simple_compass_color_light_blue" : "Light Blue",
	"menu_simple_compass_color_light_gray" : "Light Gray",
	"menu_simple_compass_color_yellow" : "Yellow",
	"menu_simple_compass_color_orange" : "Orange",
	"menu_simple_compass_color_red" : "Red",
	"menu_simple_compass_color_purple" : "Purple",
	"menu_simple_compass_color_green" : "Green",
	"menu_simple_compass_color_blue" : "Blue",
	"menu_simple_compass_color_gray" : "Gray",
	"menu_simple_compass_color_black" : "Black",
	"menu_simple_compass_numbers_color" : "Color of numerical indicators",
	"menu_simple_compass_letters_color" : "Color of main directional indicators",
	"menu_simple_compass_letters_secondary_color" : "Color of secondary directional indicators",
	"menu_simple_compass_scale" : "Scale",
	"menu_simple_compass_scale_desc" : "Scale of the compass, 1 = 100% (REQUIRES RESTART OF CURRENT LEVEL TO APPLY!)",
	"menu_simple_compass_alpha" : "Opaqueness",
	"menu_simple_compass_alpha_desc" : "Opaqueness of the compass, 0 = Non-Opaque, 1 = Opaque",
	"menu_simple_compass_objectives_color" : "Color of Objectives Indicator",
	"menu_simple_compass_objectives_color_desc" : "(REQUIRES RESTART OF CURRENT LEVEL TO APPLY!)",
	"menu_simple_compass_objectives_indicator_width" : "Width of Objectives Indicator",
	"menu_simple_compass_objectives_indicator_width_desc" : "(REQUIRES RESTART OF CURRENT LEVEL TO APPLY!)",
	"menu_simple_compass_objectives_visible" : "Visibilty of Objectives Indicator",
	"menu_simple_compass_objectives_visible_desc" : "(REQUIRES RESTART OF CURRENT LEVEL TO APPLY!)",
	"menu_simple_compass_objectives_icons" : "Objective Icons",
	"menu_simple_compass_objectives_icons_desc" : "Shows Objectives as Icons on the compass instead of dots(REQUIRES RESTART OF CURRENT LEVEL TO APPLY!)",
	"menu_simple_compass_teammate_icon" : "Show teammate icons",
	"menu_simple_compass_teammate_icon_desc" : "Uses nationality icons instead of dots (REQUIRES RESTART OF CURRENT LEVEL TO APPLY!)"
}