{
	"menu_simple_compass_title": "Simple Compass",

	"menu_simple_compass_offset_y" : "HUD Y-Versatz",
	"menu_simple_compass_teammate_visible" : "Team Indikatoren Sichtbarkeit",
	"menu_simple_compass_team_indicator_width" : "Team Indikatoren Breite",
	"menu_simple_compass_reset" : "Standardoptionen",
	"menu_simple_compass_reset_confirm" : "Bist du dir sicher, dass du alle SimpleCompass Optionen auf Standardwerte setzen möchtest?",
	"menu_simple_compass_numbers_visible" : "Numerische Indikatoren Sichtbarkeit",
	"menu_simple_compass_letters_visible" : "Hauptrichtungs-Indikatoren Sichtbarkeit",
	"menu_simple_compass_letters_secondary_visible" : "Nebenrichtungs-Indikatoren Sichtbar",
	"menu_simple_compass_teammate_visible_desc" : "Zeige Punkte für Teammitglieder auf dem Kompass",
	"menu_simple_compass_numbers_visible_desc" : "Zeige numerische Indikatoren auf dem Kompass",
	"menu_simple_compass_letters_visible_desc" : "Zeige Hauptrichtungs-Indikatoren auf dem Kompass, zB. N, E, S, W (BENÖTIGT NEUSTART DES AKTUELLEN LEVELS ZUR ANWENDUNG!)",
	"menu_simple_compass_letters_secondary_visible_desc" : "Zeige Nebenrichtungs-Indikatoren auf dem Kompass, zB. NE, NW, SE, SW (BENÖTIGT NEUSTART DES AKTUELLEN LEVELS ZUR ANWENDUNG!)",
	"menu_simple_compass_offset_y_desc" : "Kompass-Versatz auf der Y-Achse (hoch/runter)",
	"menu_simple_compass_team_indicator_width_desc" : "Breite der Teammitglieds-Indikatoren",
	"menu_simple_compass_color_white" : "Weiß",
	"menu_simple_compass_color_light_yellow" : "Hellgelb",
	"menu_simple_compass_color_light_orange" : "Hellorange",
	"menu_simple_compass_color_light_red" : "Hellrot",
	"menu_simple_compass_color_light_purple" : "Helllila",
	"menu_simple_compass_color_light_green" : "Hellgrün",
	"menu_simple_compass_color_light_blue" : "Hellblau",
	"menu_simple_compass_color_light_gray" : "Hellgrau",
	"menu_simple_compass_color_yellow" : "Gelb",
	"menu_simple_compass_color_orange" : "Orange",
	"menu_simple_compass_color_red" : "Rot",
	"menu_simple_compass_color_purple" : "Lila",
	"menu_simple_compass_color_green" : "Grün",
	"menu_simple_compass_color_blue" : "Blau",
	"menu_simple_compass_color_gray" : "Grau",
	"menu_simple_compass_color_black" : "Schwarz",
	"menu_simple_compass_numbers_color" : "Farbe der numerischen Indikatoren",
	"menu_simple_compass_letters_color" : "Farbe der Hauptrichtungs-Indikatoren",
	"menu_simple_compass_letters_secondary_color" : "Farbe der Nebenrichtungs-Indikatoren",
	"menu_simple_compass_scale" : "Maßstab",
	"menu_simple_compass_scale_desc" : "Maßstab des Kompasses, 1 = 100% (BENÖTIGT NEUSTART DES AKTUELLEN LEVELS ZUR ANWENDUNG!)",
	"menu_simple_compass_alpha" : "Deckkraft",
	"menu_simple_compass_alpha_desc" : "Deckkraft des Kompasses, 0 = Keine Deckkraft, 1 = Volle Deckkraft",
	"menu_simple_compass_objectives_color" : "Farbe des Zielindikators",
	"menu_simple_compass_objectives_color_desc" : "(BENÖTIGT NEUSTART DES AKTUELLEN LEVELS ZUR ANWENDUNG!)",
	"menu_simple_compass_objectives_indicator_width" : "Breite des Zielindikators",
	"menu_simple_compass_objectives_indicator_width_desc" : "(BENÖTIGT NEUSTART DES AKTUELLEN LEVELS ZUR ANWENDUNG!)",
	"menu_simple_compass_objectives_visible" : "Zeige Zielindikator",
	"menu_simple_compass_objectives_visible_desc" : "(BENÖTIGT NEUSTART DES AKTUELLEN LEVELS ZUR ANWENDUNG!)",
	"menu_simple_compass_objectives_icons" : "Zielsymbole",
	"menu_simple_compass_objectives_icons_desc" : "Zeigt Ziele auf dem Kompass als Symbole statt Punkten(BENÖTIGT NEUSTART DES AKTUELLEN LEVELS ZUR ANWENDUNG!)",
	"menu_simple_compass_teammate_icon" : "Zeige Teammitglieder-Symbole",
	"menu_simple_compass_teammate_icon_desc" : "Zeigt Nationalitätssymbole statt Punkten(BENÖTIGT NEUSTART DES AKTUELLEN LEVELS ZUR ANWENDUNG!)"
}