<table
	name="SimpleCompass-RAID"
	description="Adds simple GTFO-style compass to the game."
	merge_global = "false"
	author="shinrax2 and MetroLine"
	cannot_be_disabled="false"
	early_init="true"
>
		
	<auto_updates
		provider="modworkshop"
		id="48285"
		version="13"
	/>

	<hooks>
		<hook source_file="lib/managers/hudmanager" file="lua/hudmanager.lua" />
		<hook source_file="lib/managers/group_ai_states/groupaistatebase" file="lua/groupaistatebase.lua" />
		<hook source_file="lib/managers/menu/menucomponentmanager" file="lua/MenuComponentManager.lua" />
		<hook source_file="lib/entry" file="Core.lua" type="pre" />
	</hooks>

	<localization directory="loc" default="english.json">
		<loc file="english.json" language="english" />
		<loc file="german.json" language="german" />
	</localization>
</table>